{
    "fine_tuned_models_path_insert_here": [
        "all-MiniLM-L6-v2",
        "all-mpnet-base-v2",
        "paraphrase-distilroberta-base-v1",
        "bert-base-uncased",
        "roberta-base",
        "gtr-t5-base",
        "fine-tuned-model",
        "fine-tuned-model_2"
    ],
    "metrics": {
        "mean_similarity": [
            0.5587749457971024,
            0.5767698817441917,
            0.5342623336119604,
            0.7758148021318696,
            0.9743773300539363,
            0.7347443672743711,
            0.8718246126716788,
            0.5673086485317484
        ],
        "max_similarity": [
            0.8018402755260468,
            0.8106510043144226,
            0.6774391084909439,
            0.8445201814174652,
            0.9838843047618866,
            0.8101380467414856,
            0.951936274766922,
            0.841330349445343
        ],
        "min_similarity": [
            0.49153462052345276,
            0.4892162783071399,
            0.4386833496391773,
            0.7135718464851379,
            0.9521308839321136,
            0.7101977616548538,
            0.8089154064655304,
            0.4750149976462126
        ],
        "mse": [
            0.01369924068559787,
            0.011220917131617195,
            0.020380687220478793,
            0.01664874426566131,
            0.10022118826957276,
            0.008076478997750249,
            0.04631494102153347,
            0.012491658016760505
        ],
        "mae": [
            0.10890687238471584,
            0.09451713690712035,
            0.13341948456985783,
            0.1230419370965524,
            0.31104724969647146,
            0.08432272666150871,
            0.208512224056504,
            0.10073049400103366
        ],
        "embedding_time": [
            0.028946811502630062,
            0.03899776393716985,
            0.029049120166084984,
            0.03092689405788075,
            0.031029153953899036,
            0.08883905952627008,
            0.048299616033380684,
            0.014141001484610817
        ],
        "sts_correlation": [
            0.17620721458568528,
            0.14004742787917657,
            0.3363434128573667,
            0.20605338774026388,
            0.015497051445646587,
            0.1698936010337552,
            0.40923695113874137,
            0.27320727733806577
        ]
    }
}